"filename", "language", "Python", "Markdown", "TypeScript", "TypeScript JSX", "comment", "blank", "total"
"d:\github\openakita_jyhk\apps\setup-center\src\api\meetingRoomService.ts", "TypeScript", 0, 0, 51, 0, 1, 4, 56
"d:\github\openakita_jyhk\apps\setup-center\src\api\rdUnifiedService.ts", "TypeScript", 0, 0, 16, 0, 1, 1, 18
"d:\github\openakita_jyhk\apps\setup-center\src\components\product\ProductModal.tsx", "TypeScript JSX", 0, 0, 0, 58, 0, 2, 60
"d:\github\openakita_jyhk\apps\setup-center\src\components\product\RepoBranchDerivedDisplay.tsx", "TypeScript JSX", 0, 0, 0, 32, 1, 1, 34
"d:\github\openakita_jyhk\apps\setup-center\src\components\product\RepoUpdateDialog.tsx", "TypeScript JSX", 0, 0, 0, 58, 0, 2, 60
"d:\github\openakita_jyhk\apps\setup-center\src\components\product\types.ts", "TypeScript", 0, 0, 38, 0, 4, 4, 46
"d:\github\openakita_jyhk\apps\setup-center\src\components\rd-manage\OrderManagement.tsx", "TypeScript JSX", 0, 0, 0, 92, 1, 3, 96
"d:\github\openakita_jyhk\apps\setup-center\src\components\rd-manage\meeting\MeetingAgentContextDrawer.tsx", "TypeScript JSX", 0, 0, 0, 20, 1, 2, 23
"d:\github\openakita_jyhk\apps\setup-center\src\components\rd-manage\meeting\MeetingChatStructuredCards.tsx", "TypeScript JSX", 0, 0, 0, -1, 0, 0, -1
"d:\github\openakita_jyhk\apps\setup-center\src\components\rd-manage\meeting\MeetingHitlForm.tsx", "TypeScript JSX", 0, 0, 0, 66, 0, 4, 70
"d:\github\openakita_jyhk\apps\setup-center\src\components\rd-manage\meeting\MeetingRoomBoard.tsx", "TypeScript JSX", 0, 0, 0, 499, 3, 35, 537
"d:\github\openakita_jyhk\apps\setup-center\src\components\rd-manage\meeting\NodeReviewPanel.tsx", "TypeScript JSX", 0, 0, 0, 34, 3, 1, 38
"d:\github\openakita_jyhk\apps\setup-center\src\components\rd-manage\meeting\meetingChatUtils.ts", "TypeScript", 0, 0, 21, 0, 2, 4, 27
"d:\github\openakita_jyhk\apps\setup-center\src\components\rd-manage\meeting\meetingRoomRoster.tsx", "TypeScript JSX", 0, 0, 0, 85, 2, 10, 97
"d:\github\openakita_jyhk\apps\setup-center\src\components\rd-manage\meeting\panels\MeetingNodeDetailPanel.tsx", "TypeScript JSX", 0, 0, 0, 610, 5, 34, 649
"d:\github\openakita_jyhk\apps\setup-center\src\components\rd-manage\meeting\panels\MeetingNodeReferenceTabs.tsx", "TypeScript JSX", 0, 0, 0, 623, 3, 23, 649
"d:\github\openakita_jyhk\apps\setup-center\src\components\rd-manage\meeting\panels\RequirementAnalysisPanel.tsx", "TypeScript JSX", 0, 0, 0, -442, -25, -21, -488
"d:\github\openakita_jyhk\docs\synapse\subprocess-multi-agent-development-scheme.md", "Markdown", 0, 680, 0, 0, 0, 156, 836
"d:\github\openakita_jyhk\skills\whalecloud-dev-tool-ask-user\SKILL.md", "Markdown", 0, 8, 0, 0, 0, 3, 11
"d:\github\openakita_jyhk\skills\whalecloud-dev-tool-doc-generate\SKILL.md", "Markdown", 0, 12, 0, 0, 0, 3, 15
"d:\github\openakita_jyhk\skills\whalecloud-dev-tool-doc-generate\fill_clarify.py", "Python", 94, 0, 0, 0, 9, 13, 116
"d:\github\openakita_jyhk\skills\whalecloud-dev-tool-doc-generate\templates\函数级方案.md", "Markdown", 0, 8, 0, 0, 0, 4, 12
"d:\github\openakita_jyhk\skills\whalecloud-dev-tool-function-solution\SKILL.md", "Markdown", 0, 412, 0, 0, 0, 109, 521
"d:\github\openakita_jyhk\skills\whalecloud-dev-tool-module-function\templates\03-模块功能.md", "Markdown", 0, -29, 0, 0, 0, -15, -44
"d:\github\openakita_jyhk\src\synapse\api\routes\dev_iwhalecloud.py", "Python", 81, 0, 0, 0, 7, 9, 97
"d:\github\openakita_jyhk\src\synapse\api\routes\meeting_rooms.py", "Python", 102, 0, 0, 0, 1, 15, 118
"d:\github\openakita_jyhk\src\synapse\rd_meeting\agent_context_probe.py", "Python", 34, 0, 0, 0, 0, -31, 3
"d:\github\openakita_jyhk\src\synapse\rd_meeting\agent_prompt.py", "Python", 32, 0, 0, 0, 0, 7, 39
"d:\github\openakita_jyhk\src\synapse\rd_meeting\agent_trace.py", "Python", 65, 0, 0, 0, 0, 10, 75
"d:\github\openakita_jyhk\src\synapse\rd_meeting\artifacts.py", "Python", -72, 0, 0, 0, 0, -14, -86
"d:\github\openakita_jyhk\src\synapse\rd_meeting\chat_display.py", "Python", 8, 0, 0, 0, 0, 2, 10
"d:\github\openakita_jyhk\src\synapse\rd_meeting\hitl_feedback.py", "Python", 22, 0, 0, 0, 1, 5, 28
"d:\github\openakita_jyhk\src\synapse\rd_meeting\hitl_form.py", "Python", 119, 0, 0, 0, 3, 21, 143
"d:\github\openakita_jyhk\src\synapse\rd_meeting\hitl_lifecycle.py", "Python", 1, 0, 0, 0, 0, 0, 1
"d:\github\openakita_jyhk\src\synapse\rd_meeting\hitl_submission.py", "Python", -3, 0, 0, 0, 0, 0, -3
"d:\github\openakita_jyhk\src\synapse\rd_meeting\live.py", "Python", 12, 0, 0, 0, 0, 0, 12
"d:\github\openakita_jyhk\src\synapse\rd_meeting\node_review.py", "Python", 8, 0, 0, 0, 0, 1, 9
"d:\github\openakita_jyhk\src\synapse\rd_meeting\orchestrator.py", "Python", 126, 0, 0, 0, 1, 6, 133
"d:\github\openakita_jyhk\src\synapse\rd_meeting\participants.py", "Python", 24, 0, 0, 0, 1, 7, 32
"d:\github\openakita_jyhk\src\synapse\rd_meeting\paths.py", "Python", 1, 0, 0, 0, 0, 0, 1
"d:\github\openakita_jyhk\src\synapse\rd_meeting\phase.py", "Python", -3, 0, 0, 0, 0, 0, -3
"d:\github\openakita_jyhk\src\synapse\rd_meeting\pipeline.py", "Python", 164, 0, 0, 0, 0, 20, 184
"d:\github\openakita_jyhk\src\synapse\rd_meeting\prewarm_coordinator.py", "Python", 20, 0, 0, 0, 0, 9, 29
"d:\github\openakita_jyhk\src\synapse\rd_meeting\prior_outputs.py", "Python", 164, 0, 0, 0, 0, 32, 196
"d:\github\openakita_jyhk\src\synapse\rd_meeting\prompts\meeting_room_rules.md", "Markdown", 0, 13, 0, 0, 0, 7, 20
"d:\github\openakita_jyhk\src\synapse\rd_meeting\questionnaire_repair.py", "Python", 232, 0, 0, 0, 1, 49, 282
"d:\github\openakita_jyhk\src\synapse\rd_meeting\room_runtime.py", "Python", 71, 0, 0, 0, 0, 13, 84
"d:\github\openakita_jyhk\src\synapse\rd_meeting\room_skill.py", "Python", 5, 0, 0, 0, 0, 2, 7
"d:\github\openakita_jyhk\src\synapse\rd_meeting\service.py", "Python", 82, 0, 0, 0, 0, 13, 95
"d:\github\openakita_jyhk\src\synapse\rd_meeting\sop_stage_hooks.py", "Python", 188, 0, 0, 0, 1, 23, 212
"d:\github\openakita_jyhk\src\synapse\rd_meeting\validation.py", "Python", 13, 0, 0, 0, 0, 1, 14
"d:\github\openakita_jyhk\src\synapse\rd_sop\manifest.py", "Python", 91, 0, 0, 0, 2, 5, 98
"d:\github\openakita_jyhk\src\synapse\tools\definitions\meeting_room.py", "Python", 10, 0, 0, 0, 0, 0, 10
"d:\github\openakita_jyhk\tests\integration\test_dev_iwhalecloud_api.py", "Python", 2, 0, 0, 0, 0, 0, 2
"d:\github\openakita_jyhk\tests\unit\test_rd_meeting_agent_context_probe.py", "Python", 70, 0, 0, 0, 0, 8, 78
"d:\github\openakita_jyhk\tests\unit\test_rd_meeting_agent_prompt.py", "Python", 61, 0, 0, 0, 0, 9, 70
"d:\github\openakita_jyhk\tests\unit\test_rd_meeting_agent_trace.py", "Python", 25, 0, 0, 0, 0, 7, 32
"d:\github\openakita_jyhk\tests\unit\test_rd_meeting_chat_display.py", "Python", 30, 0, 0, 0, 1, 3, 34
"d:\github\openakita_jyhk\tests\unit\test_rd_meeting_hitl_questionnaire.py", "Python", 54, 0, 0, 0, 0, 9, 63
"d:\github\openakita_jyhk\tests\unit\test_rd_meeting_live_phase_artifacts.py", "Python", -13, 0, 0, 0, 0, -2, -15
"d:\github\openakita_jyhk\tests\unit\test_rd_meeting_live_route.py", "Python", 73, 0, 0, 0, 0, 14, 87
"d:\github\openakita_jyhk\tests\unit\test_rd_meeting_node_history.py", "Python", 40, 0, 0, 0, 0, 15, 55
"d:\github\openakita_jyhk\tests\unit\test_rd_meeting_participants.py", "Python", 40, 0, 0, 0, 0, 17, 57
"d:\github\openakita_jyhk\tests\unit\test_rd_meeting_phase5_node_enable.py", "Python", 3, 0, 0, 0, 0, 1, 4
"d:\github\openakita_jyhk\tests\unit\test_rd_meeting_pipeline.py", "Python", 33, 0, 0, 0, 0, 8, 41
"d:\github\openakita_jyhk\tests\unit\test_rd_meeting_pipeline_node_review.py", "Python", -1, 0, 0, 0, 0, 0, -1
"d:\github\openakita_jyhk\tests\unit\test_rd_meeting_prior_outputs.py", "Python", 108, 0, 0, 0, 0, 25, 133
"d:\github\openakita_jyhk\tests\unit\test_rd_meeting_questionnaire_repair.py", "Python", 177, 0, 0, 0, 0, 26, 203
"d:\github\openakita_jyhk\tests\unit\test_rd_meeting_skip_before_init.py", "Python", 122, 0, 0, 0, 0, 27, 149
"d:\github\openakita_jyhk\tests\unit\test_rd_meeting_sop_stage_hooks.py", "Python", 74, 0, 0, 0, 0, 18, 92
"Total", "-", 2589, 1104, 126, 1734, 30, 779, 6362